id,HillaryClinton,realDonaldTrump
0,0.693389,0.31213
1,0.31326,0.693147
2,0.693171,0.31322
3,0.69315,0.31325
4,0.693147,0.31326
5,0.31326,0.693147
6,0.693169,0.31322
7,0.693148,0.31326
8,0.693186,0.31319
9,0.31326,0.693147
10,0.31326,0.693147
11,0.693172,0.31316
12,0.31326,0.693147
13,0.31326,0.693147
14,0.693172,0.31316
15,0.693147,0.31326
16,0.31326,0.693147
17,0.69315,0.31326
18,0.31326,0.693147
19,0.693147,0.31326
20,0.693164,0.31326
21,0.31326,0.693147
22,0.31326,0.693151
23,0.693183,0.3132
24,0.693184,0.31319
25,0.693177,0.31322
26,0.31326,0.693147
27,0.31326,0.693147
28,0.31326,0.693147
29,0.693174,0.3132
30,0.31326,0.693147
31,0.693149,0.31326
32,0.693171,0.31321
33,0.31326,0.693147
34,0.31326,0.693147
35,0.693147,0.31326
36,0.31326,0.693147
37,0.693147,0.31326
38,0.693147,0.31326
39,0.31326,0.693332
40,0.31326,0.693147
41,0.31326,0.693147
42,0.31326,0.693147
43,0.693149,0.31326
44,0.693174,0.31322
45,0.31326,0.693147
46,0.31326,0.693147
47,0.693148,0.31326
48,0.693159,0.31325
49,0.693148,0.31326
50,0.693147,0.31326
51,0.31326,0.693147
52,0.31326,0.693147
53,0.31326,0.693147
54,0.693167,0.31322
55,0.693172,0.31322
56,0.693214,0.3126
57,0.693778,0.30617
58,0.693177,0.31321
59,0.693175,0.31321
60,0.31326,0.693147
61,0.693176,0.3132
62,0.693152,0.31326
63,0.31326,0.693147
64,0.693147,0.31326
65,0.693172,0.31316
66,0.693176,0.31326
67,0.693149,0.31326
68,0.693214,0.3126
69,0.693147,0.31326
70,0.31306,0.694958
71,0.31326,0.693147
72,0.693148,0.31326
73,0.693169,0.31326
74,0.693174,0.31322
75,0.69315,0.31326
76,0.31138,0.699268
77,0.693176,0.31326
78,0.693161,0.31322
79,0.693176,0.31321
80,0.693172,0.31316
81,0.693214,0.3126
82,0.693148,0.31326
83,0.693172,0.31322
84,0.693147,0.31326
85,0.693167,0.31322
86,0.69315,0.31326
87,0.693162,0.31325
88,0.693231,0.31311
89,0.693171,0.31322
90,0.693176,0.31321
91,0.693147,0.31326
92,0.31326,0.693148
93,0.693147,0.31326
94,0.693147,0.31326
95,0.2975,0.713253
96,0.31326,0.693147
97,0.31326,0.693147
98,0.31326,0.693147
99,0.69316,0.31325
100,0.693171,0.31322
101,0.693148,0.31326
102,0.69318,0.31321
103,0.31326,0.693148
104,0.693155,0.31326
105,0.693149,0.31326
106,0.31326,0.693147
107,0.693149,0.31326
108,0.30932,0.703221
109,0.693147,0.31326
110,0.693148,0.31326
111,0.31028,0.701489
112,0.693148,0.31326
113,0.693147,0.31326
114,0.693171,0.31322
115,0.693172,0.31316
116,0.693148,0.31326
117,0.693176,0.31326
118,0.693271,0.3129
119,0.693147,0.31326
120,0.31326,0.693147
121,0.30563,0.70568
122,0.27587,0.720163
123,0.31326,0.693332
124,0.693153,0.31326
125,0.31326,0.693147
126,0.69315,0.31326
127,0.693148,0.31326
128,0.69315,0.31326
129,0.31326,0.693147
130,0.693172,0.31322
131,0.693182,0.3132
132,0.693147,0.31326
133,0.693148,0.31326
134,0.693172,0.31322
135,0.31326,0.693332
136,0.693147,0.31326
137,0.693149,0.31326
138,0.31326,0.69315
139,0.693174,0.31322
140,0.31326,0.693147
141,0.724997,0.1392
142,0.693148,0.31326
143,0.693147,0.31326
144,0.31015,0.701647
145,0.693147,0.31326
146,0.693172,0.31316
147,0.696564,0.27218
148,0.693147,0.31326
149,0.693723,0.30868
150,0.693158,0.31326
151,0.693213,0.31316
152,0.693177,0.3132
153,0.693147,0.31326
154,0.31326,0.693147
155,0.693153,0.31326
156,0.693147,0.31326
157,0.693147,0.31326
158,0.693215,0.31323
159,0.31137,0.699093
160,0.693214,0.3126
161,0.27587,0.720163
162,0.693176,0.31321
163,0.693213,0.31316
164,0.693172,0.31316
165,0.31326,0.693147
166,0.31324,0.693826
167,0.693179,0.3132
168,0.693147,0.31326
169,0.31326,0.693147
170,0.693147,0.31326
171,0.69316,0.31325
172,0.31102,0.700819
173,0.31326,0.693147
174,0.693147,0.31326
175,0.31326,0.693147
176,0.693177,0.31321
177,0.693147,0.31326
178,0.69317,0.31323
179,0.693179,0.3132
180,0.31326,0.693147
181,0.693147,0.31326
182,0.69315,0.31326
183,0.693148,0.31326
184,0.693148,0.31326
185,0.693153,0.31325
186,0.693147,0.31326
187,0.693175,0.31321
188,0.693153,0.31326
189,0.693177,0.31319
190,0.696564,0.27218
191,0.693149,0.31326
192,0.693214,0.3126
193,0.693153,0.31325
194,0.69317,0.31323
195,0.693168,0.31323
196,0.693159,0.31325
197,0.693149,0.31326
198,0.31326,0.693148
199,0.693147,0.31326
200,0.693147,0.31326
201,0.693147,0.31326
202,0.693147,0.31326
203,0.693147,0.31326
204,0.693389,0.31213
205,0.31326,0.693147
206,0.693179,0.31321
207,0.31326,0.693147
208,0.31322,0.69418
209,0.31326,0.693147
210,0.31326,0.693147
211,0.693155,0.31326
212,0.693147,0.31326
213,0.693778,0.30617
214,0.693147,0.31326
215,0.693147,0.31326
216,0.693161,0.31322
217,0.31272,0.696003
218,0.69316,0.31325
219,0.693153,0.31326
220,0.693182,0.31319
221,0.69315,0.31326
222,0.693149,0.31326
223,0.693153,0.31326
224,0.693147,0.31326
225,0.693182,0.3132
226,0.693147,0.31326
227,0.693147,0.31326
228,0.693153,0.31326
229,0.693147,0.31326
230,0.693147,0.31326
231,0.693148,0.31326
232,0.693152,0.31326
233,0.31326,0.693147
234,0.693147,0.31326
235,0.693161,0.31322
236,0.693147,0.31326
237,0.693176,0.31322
238,0.69315,0.31326
239,0.69315,0.31326
240,0.693149,0.31326
241,0.693172,0.31316
242,0.693148,0.31326
243,0.31034,0.700249
244,0.693147,0.31326
245,0.69315,0.31326
246,0.693161,0.31322
247,0.693176,0.31326
248,0.693157,0.31326
249,0.693147,0.31326
250,0.693149,0.31326
251,0.693147,0.31326
252,0.693147,0.31326
253,0.693147,0.31326
254,0.693147,0.31326
255,0.693155,0.31326
256,0.693149,0.31326
257,0.693148,0.31325
258,0.693162,0.31325
259,0.30961,0.702289
260,0.693147,0.31326
261,0.30971,0.702727
262,0.693147,0.31326
263,0.693161,0.31325
264,0.693147,0.31326
265,0.693178,0.3132
266,0.693171,0.31322
267,0.693778,0.30617
268,0.693176,0.31321
269,0.31326,0.693174
270,0.693174,0.31321
271,0.693174,0.31322
272,0.693149,0.31326
273,0.693147,0.31326
274,0.693182,0.31319
275,0.31326,0.693148
276,0.693147,0.31326
277,0.693147,0.31326
278,0.693174,0.31321
279,0.693172,0.31322
280,0.693179,0.31319
281,0.3069,0.707305
282,0.693182,0.31308
283,0.693169,0.31322
284,0.693173,0.31322
285,0.693147,0.31326
286,0.693176,0.31326
287,0.693148,0.31326
288,0.693147,0.31326
289,0.693149,0.31326
290,0.693176,0.31321
291,0.31326,0.693147
292,0.693149,0.31326
293,0.693179,0.31319
294,0.693147,0.31326
295,0.31326,0.693148
296,0.693148,0.31326
297,0.693153,0.31326
298,0.693177,0.31321
299,0.693147,0.31326
300,0.693171,0.31322
301,0.31238,0.696825
302,0.31326,0.693147
303,0.31326,0.693147
304,0.693147,0.31326
305,0.693153,0.31326
306,0.69315,0.31326
307,0.31326,0.693148
308,0.693161,0.31322
309,0.693177,0.3132
310,0.693214,0.3126
311,0.693147,0.31326
312,0.69318,0.3132
313,0.693147,0.31326
314,0.27587,0.720163
315,0.693177,0.31321
316,0.693162,0.31326
317,0.31326,0.693148
318,0.69318,0.3132
319,0.693176,0.31321
320,0.693147,0.31326
321,0.693247,0.31268
322,0.693148,0.31326
323,0.30938,0.703106
324,0.693167,0.31323
325,0.693147,0.31326
326,0.693147,0.31326
327,0.693176,0.3132
328,0.693148,0.31326
329,0.35,0.65
330,0.693173,0.31321
331,0.31101,0.700152
332,0.31302,0.69523
333,0.693271,0.3129
334,0.693153,0.31326
335,0.693153,0.31326
336,0.693171,0.31322
337,0.693176,0.31326
338,0.693147,0.31326
339,0.693147,0.31326
340,0.31324,0.693826
341,0.693147,0.31326
342,0.693155,0.31326
343,0.31326,0.693147
344,0.30961,0.702289
345,0.693149,0.31326
346,0.31326,0.693147
347,0.693147,0.31326
348,0.693391,0.3107
349,0.693147,0.31326
350,0.31031,0.701331
351,0.31326,0.693147
352,0.693147,0.31326
353,0.27587,0.720163
354,0.31326,0.693147
355,0.693158,0.31326
356,0.693213,0.31316
357,0.693156,0.31326
358,0.693149,0.31326
359,0.693172,0.31316
360,0.693271,0.3129
361,0.693147,0.31326
362,0.693161,0.31325
363,0.693167,0.31322
364,0.693147,0.31326
365,0.693171,0.31322
366,0.693161,0.31322
367,0.28701,0.733623
368,0.693152,0.31326
369,0.31326,0.693178
370,0.69315,0.31326
371,0.28701,0.733623
372,0.693147,0.31326
373,0.693148,0.31326
374,0.693147,0.31326
375,0.69316,0.31325
376,0.693147,0.31326
377,0.693149,0.31325
378,0.69318,0.3132
379,0.693147,0.31326
380,0.693147,0.31326
381,0.31023,0.701083
382,0.693147,0.31326
383,0.693159,0.31325
384,0.693778,0.30617
385,0.69315,0.31326
386,0.693149,0.31326
387,0.693148,0.31326
388,0.693162,0.31326
389,0.693153,0.31326
390,0.69316,0.31325
391,0.693178,0.31321
392,0.693172,0.31316
393,0.693159,0.31325
394,0.693271,0.3129
395,0.693176,0.31321
396,0.693167,0.31322
397,0.693167,0.31322
398,0.693174,0.31321
399,0.693149,0.31326
400,0.693778,0.30617
401,0.69315,0.31326
402,0.693778,0.30617
403,0.693147,0.31326
404,0.693186,0.31319
405,0.693149,0.31326
406,0.69317,0.31322
407,0.693213,0.31316
408,0.693173,0.31321
409,0.693147,0.31326
410,0.693169,0.31326
411,0.693153,0.31326
412,0.693151,0.31326
413,0.693174,0.31321
414,0.693164,0.31326
415,0.693177,0.3132
416,0.693149,0.31325
417,0.693147,0.31326
418,0.693175,0.31321
419,0.693149,0.31326
420,0.693147,0.31326
421,0.69318,0.3132
422,0.693147,0.31326
423,0.69315,0.31326
424,0.693176,0.31326
425,0.693147,0.31326
426,0.31326,0.693205
427,0.693147,0.31326
428,0.31096,0.700856
429,0.693172,0.31316
430,0.693213,0.31316
431,0.693149,0.31326
432,0.693167,0.31322
433,0.693148,0.31326
434,0.69315,0.31326
435,0.693149,0.31326
436,0.693171,0.31322
437,0.693147,0.31326
438,0.693177,0.31321
439,0.693214,0.3126
440,0.693156,0.31326
441,0.31326,0.69315
442,0.31325,0.693561
443,0.31322,0.694096
444,0.693149,0.31326
445,0.693158,0.31326
446,0.693147,0.31326
447,0.693147,0.31326
448,0.693158,0.31326
449,0.693153,0.31325
450,0.693147,0.31326
451,0.693155,0.31326
452,0.693147,0.31326
453,0.69315,0.31326
454,0.693147,0.31326
455,0.693178,0.3132
456,0.693147,0.31326
457,0.693149,0.31326
458,0.31326,0.693147
459,0.693173,0.31322
460,0.693161,0.31322
461,0.693161,0.31322
462,0.693147,0.31326
463,0.693147,0.31326
464,0.693149,0.31326
465,0.693156,0.31326
466,0.693147,0.31326
467,0.69316,0.31324
468,0.31326,0.693151
469,0.693159,0.3132
470,0.693147,0.31326
471,0.693169,0.31322
472,0.693147,0.31326
473,0.693176,0.31321
474,0.693147,0.31326
475,0.693155,0.31326
476,0.724997,0.1392
477,0.31326,0.693148
478,0.27587,0.720163
479,0.693147,0.31326
480,0.693149,0.31326
481,0.693167,0.31322
482,0.693159,0.3132
483,0.693169,0.31326
484,0.693169,0.31322
485,0.693195,0.31309
486,0.693147,0.31326
487,0.693147,0.31326
488,0.31326,0.693148
489,0.693148,0.31325
490,0.693147,0.31326
491,0.693162,0.31326
492,0.31326,0.693149
493,0.693147,0.31326
494,0.693148,0.31326
495,0.693162,0.31326
496,0.693179,0.31321
497,0.693171,0.31321
498,0.693172,0.31316
499,0.31108,0.700413
500,0.693171,0.31322
501,0.693169,0.31322
502,0.693171,0.31322
503,0.693171,0.31322
504,0.693271,0.3129
505,0.693147,0.31326
506,0.27587,0.720163
507,0.693153,0.31325
508,0.30563,0.70568
509,0.31326,0.693149
510,0.693147,0.31326
511,0.693169,0.31326
512,0.693147,0.31326
513,0.693148,0.31326
514,0.693174,0.31321
515,0.69316,0.31325
516,0.693168,0.31323
517,0.693169,0.31326
518,0.693214,0.3126
519,0.31326,0.693205
520,0.31326,0.69315
521,0.693147,0.31326
522,0.693157,0.31326
523,0.693152,0.31326
524,0.693149,0.31326
525,0.31245,0.698271
526,0.693148,0.31326
527,0.693148,0.31326
528,0.693148,0.31326
529,0.69316,0.31325
530,0.693148,0.31326
531,0.31326,0.693147
532,0.693183,0.3132
533,0.696564,0.27218
534,0.693271,0.3129
535,0.30563,0.70568
536,0.693149,0.31326
537,0.31326,0.69328
538,0.27587,0.720163
539,0.693153,0.31326
540,0.693172,0.31316
541,0.693171,0.31322
542,0.693147,0.31326
543,0.693147,0.31326
544,0.693149,0.31326
545,0.693172,0.31316
546,0.693149,0.31326
547,0.693147,0.31326
548,0.31326,0.693159
549,0.693723,0.30868
550,0.69315,0.31325
551,0.27587,0.720163
552,0.30939,0.703369
553,0.693171,0.31321
554,0.27587,0.720163
555,0.31326,0.693147
556,0.31326,0.693148
557,0.693149,0.31326
558,0.69315,0.31326
559,0.693149,0.31326
560,0.693177,0.31321
561,0.693156,0.31326
562,0.693391,0.3107
563,0.693177,0.3132
564,0.693176,0.31326
565,0.693148,0.31326
566,0.693172,0.31322
567,0.693147,0.31326
568,0.31322,0.694096
569,0.693148,0.31326
570,0.693176,0.31321
571,0.31023,0.701083
572,0.693158,0.31326
573,0.693149,0.31326
574,0.31326,0.693151
575,0.693183,0.31319
576,0.693147,0.31326
577,0.27587,0.720163
578,0.693147,0.31326
579,0.693153,0.31325
580,0.693176,0.31321
581,0.693149,0.31326
582,0.31095,0.700317
583,0.27587,0.720163
584,0.27587,0.720163
585,0.31326,0.693149
586,0.693147,0.31326
587,0.693167,0.31323
588,0.693148,0.31326
589,0.31326,0.693151
590,0.693172,0.31316
591,0.69318,0.3132
592,0.693176,0.31326
593,0.31326,0.693151
594,0.693148,0.31326
595,0.693176,0.3132
596,0.693185,0.31318
597,0.31322,0.694096
598,0.693171,0.31322
599,0.69315,0.31326
600,0.693147,0.31326
601,0.31326,0.693408
602,0.69315,0.31326
603,0.693175,0.31321
604,0.693155,0.31326
605,0.31326,0.693151
606,0.31326,0.693151
607,0.31326,0.693159
608,0.31326,0.693151
609,0.693171,0.31321
610,0.693148,0.31326
611,0.31326,0.693151
612,0.693148,0.31326
613,0.31326,0.693151
614,0.31326,0.693151
615,0.693149,0.31326
616,0.31326,0.693537
617,0.31326,0.693151
618,0.31326,0.693151
619,0.31172,0.699489
620,0.693158,0.31326
621,0.693174,0.31322
622,0.31298,0.695379
623,0.27587,0.720163
624,0.31326,0.693151
625,0.693153,0.31326
626,0.693179,0.31321
627,0.693172,0.31316
628,0.693175,0.31321
629,0.693148,0.31326
630,0.693182,0.31319
631,0.693186,0.31319
632,0.693147,0.31326
633,0.693148,0.31326
634,0.693147,0.31326
635,0.693147,0.31326
636,0.693147,0.31326
637,0.27587,0.720163
638,0.693172,0.31322
639,0.31326,0.693148
640,0.693174,0.31322
641,0.693169,0.31322
642,0.693231,0.31311
643,0.31324,0.693735
644,0.693171,0.31322
645,0.693148,0.31326
646,0.693147,0.31326
647,0.693149,0.31326
648,0.69315,0.31326
649,0.693148,0.31326
650,0.69315,0.31326
651,0.69315,0.31326
652,0.693172,0.31316
653,0.693147,0.31326
654,0.69315,0.31326
655,0.31326,0.693147
656,0.693179,0.3132
657,0.693161,0.31322
658,0.693161,0.31322
659,0.693195,0.31309
660,0.693153,0.31326
661,0.693181,0.31319
662,0.693173,0.31322
663,0.693183,0.3132
664,0.693148,0.31326
665,0.693156,0.31326
666,0.31326,0.693153
667,0.693153,0.31326
668,0.693179,0.31321
669,0.693148,0.31326
670,0.693164,0.31326
671,0.3131,0.694995
672,0.693148,0.31326
673,0.693177,0.31322
674,0.693149,0.31326
675,0.693176,0.31326
676,0.693147,0.31326
677,0.693171,0.31321
678,0.693149,0.31326
679,0.31326,0.693469
680,0.693167,0.31323
681,0.31066,0.701121
682,0.69317,0.31321
683,0.693158,0.31326
684,0.693167,0.31322
685,0.693171,0.31322
686,0.693148,0.31325
687,0.693158,0.31326
688,0.693158,0.31326
689,0.3103,0.70183
690,0.31298,0.695791
691,0.693175,0.31322
692,0.693168,0.31323
693,0.693147,0.31326
694,0.693171,0.31322
695,0.693153,0.31325
696,0.69317,0.31322
697,0.693147,0.31326
698,0.693173,0.31321
699,0.693168,0.31323
700,0.693186,0.31319
701,0.693147,0.31326
702,0.693172,0.31316
703,0.693174,0.31321
704,0.31298,0.695791
705,0.693147,0.31326
706,0.693147,0.31326
707,0.693148,0.31326
708,0.31233,0.697645
709,0.693147,0.31326
710,0.693166,0.31323
711,0.30949,0.702978
712,0.31298,0.695791
713,0.31298,0.695791
714,0.31298,0.695791
715,0.693149,0.31326
716,0.693148,0.31326
717,0.693148,0.31326
718,0.693153,0.31326
719,0.31201,0.698136
720,0.69315,0.31326
721,0.693147,0.31326
722,0.69315,0.31326
723,0.693171,0.31322
724,0.693147,0.31326
725,0.693193,0.31318
726,0.693148,0.31325
727,0.693147,0.31326
728,0.29446,0.716416
729,0.693164,0.31326
730,0.31325,0.693638
731,0.693167,0.31323
732,0.693174,0.31322
733,0.693184,0.3132
734,0.693161,0.31322
735,0.31326,0.693159
736,0.693147,0.31326
737,0.693147,0.31326
738,0.69316,0.31325
739,0.693147,0.31326
740,0.693148,0.31326
741,0.31322,0.694096
742,0.693176,0.31326
743,0.693147,0.31326
744,0.693172,0.31316
745,0.31326,0.693147
746,0.693147,0.31326
747,0.693181,0.3132
748,0.693148,0.31326
749,0.693155,0.31326
750,0.693148,0.31326
751,0.693153,0.31325
752,0.693175,0.31321
753,0.693147,0.31326
754,0.693147,0.31326
755,0.693148,0.31326
756,0.693147,0.31326
757,0.31128,0.699486
758,0.693171,0.31322
759,0.693147,0.31326
760,0.693148,0.31326
761,0.693172,0.31316
762,0.69318,0.3132
763,0.31326,0.693176
764,0.695172,0.28813
765,0.693152,0.31326
766,0.693169,0.31323
767,0.693161,0.31322
768,0.693152,0.31326
769,0.693153,0.31326
770,0.693174,0.31321
771,0.693148,0.31326
772,0.693195,0.31309
773,0.693179,0.31321
774,0.693173,0.31321
775,0.693153,0.31326
776,0.695172,0.28813
777,0.693778,0.30617
778,0.693155,0.31326
779,0.693183,0.3132
780,0.693163,0.31325
781,0.693162,0.31326
782,0.693176,0.31326
783,0.693172,0.31316
784,0.693147,0.31326
785,0.693147,0.31326
786,0.693147,0.31326
787,0.693148,0.31326
788,0.693173,0.31322
789,0.693214,0.3126
790,0.693173,0.31322
791,0.31245,0.698271
792,0.693153,0.31326
793,0.693179,0.3132
794,0.31322,0.694096
795,0.31326,0.693148
796,0.31102,0.700819
797,0.693161,0.31322
798,0.31172,0.699489
799,0.693149,0.31325
800,0.693147,0.31326
801,0.693172,0.31322
802,0.693169,0.31322
803,0.693172,0.31316
804,0.693174,0.31321
805,0.693149,0.31326
806,0.693213,0.31316
807,0.693195,0.31309
808,0.693147,0.31326
809,0.30927,0.702641
810,0.69315,0.31326
811,0.693177,0.31321
812,0.31035,0.70176
813,0.693149,0.31326
814,0.693149,0.31326
815,0.693195,0.31309
816,0.693153,0.31326
817,0.693214,0.3126
818,0.693147,0.31326
819,0.693147,0.31326
820,0.693147,0.31326
821,0.693148,0.31326
822,0.693159,0.31325
823,0.693153,0.31326
824,0.693173,0.31322
825,0.693161,0.31322
826,0.693153,0.31326
827,0.693172,0.31322
828,0.693178,0.3132
829,0.693173,0.31322
830,0.31005,0.701877
831,0.693147,0.31326
832,0.35,0.65
833,0.31326,0.693174
834,0.693214,0.3126
835,0.693174,0.31321
836,0.693149,0.31326
837,0.31094,0.701061
838,0.31094,0.701061
839,0.693148,0.31326
840,0.693147,0.31326
841,0.693177,0.31321
842,0.693173,0.31321
843,0.693176,0.31321
844,0.693176,0.31326
845,0.693147,0.31326
846,0.693161,0.31322
847,0.693148,0.31326
848,0.31128,0.699486
849,0.693148,0.31326
850,0.693147,0.31326
851,0.693176,0.31326
852,0.693214,0.3126
853,0.69317,0.31323
854,0.693147,0.31326
855,0.696564,0.27218
856,0.693176,0.31326
857,0.693167,0.31323
858,0.693168,0.31323
859,0.693174,0.31322
860,0.30987,0.701713
861,0.693173,0.31322
862,0.693147,0.31326
863,0.693149,0.31326
864,0.693176,0.31326
865,0.31326,0.693148
866,0.693172,0.31322
867,0.693147,0.31326
868,0.31326,0.69317
869,0.693161,0.31322
870,0.693147,0.31326
871,0.693176,0.31321
872,0.693171,0.31321
873,0.31326,0.693332
874,0.31022,0.70162
875,0.693153,0.31326
876,0.31322,0.694096
877,0.693271,0.3129
878,0.693147,0.31326
879,0.693147,0.31326
880,0.693171,0.31321
881,0.693147,0.31326
882,0.693778,0.30617
883,0.693147,0.31326
884,0.693174,0.31322
885,0.31201,0.698136
886,0.693152,0.31326
887,0.693148,0.31326
888,0.693148,0.31326
889,0.30903,0.703873
890,0.31002,0.701778
891,0.693147,0.31326
892,0.693147,0.31326
893,0.31188,0.698097
894,0.693147,0.31326
895,0.693147,0.31326
896,0.693148,0.31326
897,0.31322,0.694096
898,0.693147,0.31326
899,0.30954,0.70235
900,0.69317,0.31322
901,0.693147,0.31326
902,0.693148,0.31326
903,0.693241,0.31269
904,0.693391,0.3107
905,0.30958,0.702258
906,0.693148,0.31326
907,0.693164,0.31326
908,0.693172,0.31316
909,0.693162,0.31326
910,0.693148,0.31326
911,0.693148,0.31326
912,0.693147,0.31326
913,0.693147,0.31326
914,0.693169,0.31322
915,0.69315,0.31326
916,0.693147,0.31326
917,0.30919,0.702699
918,0.693149,0.31326
919,0.693148,0.31326
920,0.69317,0.31323
921,0.693147,0.31326
922,0.693214,0.3126
923,0.693173,0.31323
924,0.693147,0.31326
925,0.693148,0.31326
926,0.693148,0.31326
927,0.693183,0.31319
928,0.31326,0.693166
929,0.31325,0.693599
930,0.693161,0.31322
931,0.693214,0.3126
932,0.693178,0.31319
933,0.69315,0.31326
934,0.693153,0.31325
935,0.693147,0.31326
936,0.693152,0.31326
937,0.30919,0.702699
938,0.693147,0.31326
939,0.693171,0.31322
940,0.693148,0.31326
941,0.693456,0.31104
942,0.31306,0.694958
943,0.31325,0.693599
944,0.31248,0.696808
945,0.693161,0.31322
946,0.693215,0.31323
947,0.31087,0.701034
948,0.693148,0.31326
949,0.693147,0.31326
950,0.693147,0.31326
951,0.693214,0.3126
952,0.693147,0.31326
953,0.693148,0.31326
954,0.69315,0.31326
955,0.693147,0.31326
956,0.35,0.65
957,0.3103,0.70183
958,0.693172,0.31316
959,0.693169,0.31322
960,0.693179,0.31321
961,0.693214,0.3126
962,0.31326,0.693149
963,0.31035,0.70176
964,0.693778,0.30617
965,0.693147,0.31326
966,0.693147,0.31326
967,0.693161,0.31322
968,0.31245,0.698271
969,0.693149,0.31325
970,0.31128,0.699486
971,0.693157,0.31326
972,0.693147,0.31326
973,0.693147,0.31326
974,0.693193,0.31318
975,0.3069,0.707305
976,0.693161,0.31322
977,0.31326,0.693151
978,0.693177,0.3132
979,0.31326,0.693147
980,0.31322,0.694096
981,0.693147,0.31326
982,0.693148,0.31326
983,0.693172,0.31316
984,0.693149,0.31325
985,0.693161,0.31322
986,0.693168,0.31323
987,0.693178,0.3132
988,0.693171,0.31321
989,0.69316,0.31325
990,0.693147,0.31326
991,0.31188,0.699014
992,0.693148,0.31326
993,0.693168,0.31322
994,0.693172,0.31322
995,0.31306,0.694958
996,0.693185,0.3132
997,0.693173,0.31322
998,0.693171,0.31322
999,0.693175,0.3132
1000,0.693147,0.31326
1001,0.693172,0.31322
1002,0.693173,0.31322
1003,0.693147,0.31326
1004,0.693147,0.31326
1005,0.693147,0.31326
1006,0.693195,0.31309
1007,0.693189,0.31319
1008,0.693778,0.30617
1009,0.693147,0.31326
1010,0.693147,0.31326
1011,0.31172,0.699489
1012,0.693171,0.31322
1013,0.693147,0.31326
1014,0.693147,0.31326
1015,0.31326,0.69315
1016,0.693153,0.31325
1017,0.31326,0.693148
1018,0.31326,0.693147
1019,0.31326,0.693148
1020,0.693162,0.31325
1021,0.693147,0.31326
1022,0.693723,0.30868
1023,0.693153,0.31326
1024,0.69315,0.31326
1025,0.31156,0.698947
1026,0.693173,0.31321
1027,0.693161,0.31322
1028,0.693147,0.31326
1029,0.693179,0.3132
1030,0.693176,0.31321
1031,0.693158,0.31326
1032,0.695172,0.28813
1033,0.693161,0.31322
1034,0.693147,0.31326
1035,0.693148,0.31326
1036,0.693174,0.3132
1037,0.693214,0.3126
1038,0.693174,0.31322
1039,0.693149,0.31326
1040,0.693179,0.31321
1041,0.31326,0.69315
1042,0.693147,0.31326
1043,0.693158,0.31326
1044,0.31292,0.695587
1045,0.693147,0.31326
1046,0.693171,0.31322
1047,0.693153,0.31326
1048,0.693148,0.31326
1049,0.693148,0.31326
1050,0.693147,0.31326
1051,0.693148,0.31326
1052,0.693161,0.31322
1053,0.31272,0.696003
1054,0.693176,0.31321
1055,0.693152,0.31326
1056,0.693147,0.31326
1057,0.693195,0.31309
1058,0.31298,0.695379
1059,0.693147,0.31326
1060,0.693147,0.31326
1061,0.693148,0.31326
1062,0.693231,0.31311
1063,0.693147,0.31326
1064,0.693149,0.31326
1065,0.693174,0.31322
1066,0.693723,0.30868
1067,0.693778,0.30617
1068,0.693172,0.31316
1069,0.693147,0.31326
1070,0.693179,0.3132
1071,0.69317,0.31322
1072,0.693167,0.31323
1073,0.693214,0.3126
1074,0.693271,0.3129
1075,0.693173,0.31322
1076,0.693171,0.31321
1077,0.31326,0.693178
1078,0.693172,0.31316
1079,0.693148,0.31326
1080,0.693147,0.31326
1081,0.693192,0.31319
1082,0.693147,0.31326
1083,0.693172,0.31316
1084,0.693153,0.31326
1085,0.693173,0.31322
1086,0.693177,0.3132
1087,0.693147,0.31326
1088,0.693148,0.31326
1089,0.69315,0.31326
1090,0.69316,0.31325
1091,0.31326,0.693151
1092,0.693148,0.31326
1093,0.693147,0.31326
1094,0.693148,0.31326
1095,0.693195,0.31309
1096,0.693175,0.31321
1097,0.69315,0.31326
1098,0.693147,0.31326
1099,0.3132,0.694124
1100,0.693177,0.3132
1101,0.3069,0.707305
1102,0.693247,0.31268
1103,0.693169,0.31326
1104,0.693148,0.31326
1105,0.693174,0.3132
1106,0.31326,0.693147
1107,0.693147,0.31326
1108,0.31326,0.693271
1109,0.693148,0.31326
1110,0.693148,0.31326
1111,0.693177,0.31321
1112,0.31028,0.701489
1113,0.693167,0.31323
1114,0.693148,0.31326
1115,0.693175,0.31322
1116,0.693167,0.31323
1117,0.693148,0.31326
1118,0.693148,0.31326
1119,0.69315,0.31326
1120,0.693147,0.31326
1121,0.693195,0.31309
1122,0.693147,0.31326
1123,0.69317,0.31322
1124,0.693182,0.31321
1125,0.693174,0.31321
1126,0.693176,0.31321
1127,0.693172,0.31316
1128,0.69315,0.31326
1129,0.693162,0.31324
1130,0.31023,0.701083
1131,0.693161,0.31322
1132,0.69315,0.31326
1133,0.693171,0.31322
1134,0.693171,0.31322
1135,0.693147,0.31326
1136,0.31326,0.693147
1137,0.693149,0.31326
1138,0.693147,0.31326
1139,0.69315,0.31326
1140,0.69317,0.31323
1141,0.693174,0.31321
1142,0.693148,0.31326
1143,0.693241,0.31269
1144,0.693778,0.30617
1145,0.693147,0.31326
1146,0.693148,0.31325
1147,0.31045,0.700943
1148,0.696564,0.27218
1149,0.69315,0.31325
1150,0.693148,0.31326
1151,0.693147,0.31326
1152,0.693179,0.3132
1153,0.31272,0.696003
1154,0.69315,0.31326
1155,0.693148,0.31326
1156,0.693147,0.31326
1157,0.693148,0.31326
1158,0.693148,0.31326
1159,0.31326,0.693149
1160,0.693148,0.31326
1161,0.693147,0.31326
1162,0.693147,0.31326
1163,0.693147,0.31326
1164,0.693148,0.31326
1165,0.693148,0.31326
1166,0.693147,0.31326
1167,0.693153,0.31326
1168,0.693231,0.31311
1169,0.693172,0.31322
1170,0.693147,0.31326
1171,0.693168,0.31322
1172,0.693147,0.31326
1173,0.693147,0.31326
1174,0.693149,0.31326
1175,0.31322,0.694096
1176,0.693153,0.31326
1177,0.693161,0.31322
1178,0.693174,0.31321
1179,0.69315,0.31326
1180,0.693172,0.31316
1181,0.693723,0.30868
1182,0.693149,0.31326
1183,0.693147,0.31326
1184,0.31238,0.696825
1185,0.693147,0.31326
1186,0.693169,0.31326
1187,0.693172,0.31316
1188,0.693147,0.31326
1189,0.693147,0.31326
1190,0.693176,0.31321
1191,0.693147,0.31326
1192,0.693148,0.31326
1193,0.693169,0.31323
1194,0.693172,0.31316
1195,0.693148,0.31326
1196,0.693179,0.31319
1197,0.31326,0.69315
1198,0.31245,0.698271
1199,0.693186,0.31319
1200,0.693153,0.31326
1201,0.693147,0.31326
1202,0.3112,0.700481
1203,0.693158,0.31326
1204,0.693171,0.31323
1205,0.693147,0.31326
1206,0.693147,0.31326
1207,0.693147,0.31326
1208,0.693147,0.31326
1209,0.693176,0.31321
1210,0.693155,0.31326
1211,0.693147,0.31326
1212,0.693176,0.31321
1213,0.693179,0.31321
1214,0.693214,0.3126
1215,0.693158,0.31326
1216,0.27587,0.720163
1217,0.693149,0.31326
1218,0.693148,0.31326
1219,0.693147,0.31326
1220,0.693147,0.31326
1221,0.693177,0.3132
1222,0.693153,0.31326
1223,0.693168,0.31322
1224,0.69315,0.31326
1225,0.693153,0.31326
1226,0.693148,0.31326
1227,0.693147,0.31326
1228,0.693164,0.31326
1229,0.693147,0.31326
1230,0.693147,0.31326
1231,0.693171,0.31321
1232,0.27642,0.740966
1233,0.693214,0.3126
1234,0.693147,0.31326
1235,0.693186,0.31319
1236,0.693186,0.31319
1237,0.693147,0.31326
1238,0.693149,0.31326
1239,0.693174,0.31322
1240,0.693149,0.31326
1241,0.693162,0.31326
1242,0.693174,0.31321
1243,0.693147,0.31326
1244,0.693147,0.31326
1245,0.31326,0.693147
1246,0.693182,0.31308
1247,0.693162,0.31326
1248,0.693161,0.31322
1249,0.693148,0.31326
1250,0.693169,0.31326
1251,0.693148,0.31326
1252,0.693148,0.31326
1253,0.693147,0.31326
1254,0.693173,0.31321
1255,0.69317,0.31322
1256,0.31326,0.693148
1257,0.693147,0.31326
1258,0.693147,0.31326
1259,0.31101,0.700152
1260,0.693147,0.31326
1261,0.27928,0.725061
1262,0.31101,0.700152
1263,0.693182,0.31319
1264,0.69315,0.31326
1265,0.693174,0.31321
1266,0.693147,0.31326
1267,0.693155,0.31326
1268,0.693153,0.31326
1269,0.693166,0.31323
1270,0.693147,0.31326
1271,0.693167,0.31323
1272,0.693168,0.31323
1273,0.693161,0.31322
1274,0.30961,0.702855
1275,0.69315,0.31326
1276,0.69315,0.31326
1277,0.31326,0.693148
1278,0.693214,0.3126
1279,0.693172,0.31321
1280,0.31034,0.700249
1281,0.693153,0.31326
1282,0.693159,0.31325
1283,0.69315,0.31326
1284,0.693231,0.31311
1285,0.693194,0.31318
1286,0.693147,0.31326
1287,0.693147,0.31326
1288,0.693147,0.31326
1289,0.693185,0.31318
1290,0.693147,0.31326
1291,0.27587,0.720163
1292,0.693149,0.31326
1293,0.693173,0.31322
1294,0.693147,0.31326
1295,0.693147,0.31326
1296,0.693148,0.31326
1297,0.693148,0.31326
1298,0.693147,0.31326
1299,0.693172,0.31316
1300,0.693173,0.31322
1301,0.693148,0.31326
1302,0.693176,0.31321
1303,0.693168,0.31323
1304,0.693147,0.31326
1305,0.693148,0.31326
1306,0.693176,0.31322
1307,0.693147,0.31326
1308,0.693147,0.31326
1309,0.693176,0.31326
1310,0.31058,0.701145
1311,0.693147,0.31326
1312,0.693169,0.31323
1313,0.31298,0.695379
1314,0.693147,0.31326
1315,0.693161,0.31322
1316,0.693162,0.31326
1317,0.693148,0.31326
1318,0.693173,0.31321
1319,0.693148,0.31326
1320,0.693147,0.31326
1321,0.693147,0.31326
1322,0.693148,0.31326
1323,0.693147,0.31326
1324,0.3103,0.70183
1325,0.693147,0.31326
1326,0.693155,0.31326
1327,0.693147,0.31326
1328,0.31326,0.693147
1329,0.693147,0.31326
1330,0.693167,0.31323
1331,0.693176,0.31326
1332,0.693147,0.31326
1333,0.69315,0.31326
1334,0.693147,0.31326
1335,0.693147,0.31326
1336,0.693167,0.31323
1337,0.693148,0.31326
1338,0.693155,0.31326
1339,0.693149,0.31326
1340,0.693147,0.31326
1341,0.693147,0.31326
1342,0.69315,0.31326
1343,0.693147,0.31326
1344,0.693148,0.31326
1345,0.693147,0.31326
1346,0.693176,0.31322
1347,0.693187,0.31319
1348,0.693162,0.31326
1349,0.693147,0.31326
1350,0.31326,0.69315
1351,0.693147,0.31326
1352,0.693147,0.31326
1353,0.693156,0.31326
1354,0.693147,0.31326
1355,0.693148,0.31326
1356,0.3069,0.707305
1357,0.693148,0.31326
1358,0.693149,0.31326
1359,0.693177,0.31321
1360,0.693153,0.31326
1361,0.69317,0.31322
1362,0.693147,0.31326
1363,0.693171,0.31322
1364,0.693147,0.31326
1365,0.693149,0.31326
1366,0.69317,0.31322
1367,0.693147,0.31326
1368,0.693159,0.3132
1369,0.693174,0.31321
1370,0.693149,0.31326
1371,0.31326,0.693271
1372,0.693179,0.3132
1373,0.693148,0.31326
1374,0.693179,0.31321
1375,0.693147,0.31326
1376,0.693149,0.31326
1377,0.31184,0.698498
1378,0.693147,0.31326
1379,0.693147,0.31326
1380,0.693171,0.31322
1381,0.69315,0.31326
1382,0.693147,0.31326
1383,0.693148,0.31326
1384,0.693147,0.31326
1385,0.693181,0.31321
1386,0.693161,0.31322
1387,0.693148,0.31326
1388,0.693182,0.31319
1389,0.693148,0.31326
1390,0.724997,0.1392
1391,0.693185,0.31318
1392,0.693147,0.31326
1393,0.693147,0.31326
1394,0.693147,0.31326
1395,0.27587,0.720163
1396,0.693159,0.3132
1397,0.693174,0.31322
1398,0.69316,0.31324
1399,0.693172,0.31316
1400,0.31218,0.697093
1401,0.693148,0.31326
1402,0.693778,0.30617
1403,0.693147,0.31326
1404,0.693159,0.3132
1405,0.693157,0.31326
1406,0.31326,0.69315
1407,0.693147,0.31326
1408,0.693147,0.31326
1409,0.693147,0.31326
1410,0.693147,0.31326
1411,0.693149,0.31326
1412,0.693171,0.31321
1413,0.693147,0.31326
1414,0.693147,0.31326
1415,0.693147,0.31326
1416,0.693169,0.31322
1417,0.693147,0.31326
1418,0.693147,0.31326
1419,0.693162,0.31326
1420,0.693147,0.31326
1421,0.693149,0.31326
1422,0.693147,0.31326
1423,0.693147,0.31326
1424,0.693147,0.31326
1425,0.693147,0.31326
1426,0.693148,0.31326
1427,0.693148,0.31326
1428,0.693147,0.31326
1429,0.693172,0.31322
1430,0.693147,0.31326
1431,0.69318,0.31321
1432,0.693181,0.3132
1433,0.693153,0.31326
1434,0.693175,0.31322
1435,0.693147,0.31326
1436,0.693155,0.31326
1437,0.693147,0.31326
1438,0.693149,0.31326
1439,0.693155,0.31326
1440,0.693157,0.31326
1441,0.693147,0.31326
1442,0.693149,0.31326
1443,0.693149,0.31326
1444,0.693177,0.31321
1445,0.693148,0.31326
1446,0.693148,0.31326
1447,0.693147,0.31326
1448,0.693171,0.31322
1449,0.31001,0.702051
1450,0.693147,0.31326
1451,0.69315,0.31326
1452,0.693147,0.31326
1453,0.693147,0.31326
1454,0.693175,0.31321
1455,0.31326,0.693147
1456,0.693162,0.31326
1457,0.693147,0.31326
1458,0.31326,0.693147
1459,0.693148,0.31326
1460,0.693147,0.31326
1461,0.693147,0.31326
1462,0.693148,0.31326
1463,0.29124,0.717903
1464,0.693148,0.31326
1465,0.693172,0.31322
1466,0.693147,0.31326
1467,0.693147,0.31326
1468,0.693172,0.31316
1469,0.693159,0.3132
1470,0.693173,0.31322
1471,0.693148,0.31326
1472,0.693149,0.31326
1473,0.693147,0.31326
1474,0.693177,0.31322
1475,0.693161,0.31322
1476,0.693173,0.31321
1477,0.693177,0.3132
1478,0.693174,0.31322
1479,0.693148,0.31326
1480,0.693162,0.31326
1481,0.693147,0.31326
1482,0.693147,0.31326
1483,0.693148,0.31326
1484,0.69315,0.31326
1485,0.693147,0.31326
1486,0.693149,0.31326
1487,0.693148,0.31326
1488,0.693148,0.31326
1489,0.693175,0.3132
1490,0.693147,0.31326
1491,0.693213,0.31316
1492,0.693179,0.3132
1493,0.693195,0.31309
1494,0.693148,0.31326
1495,0.693216,0.31316
1496,0.693147,0.31326
1497,0.69316,0.31325
1498,0.693147,0.31326
1499,0.693172,0.31316
1500,0.693147,0.31326
1501,0.693169,0.31323
1502,0.693153,0.31326
1503,0.693147,0.31326
1504,0.693147,0.31326
1505,0.693147,0.31326
1506,0.693149,0.31326
1507,0.693176,0.31322
1508,0.693148,0.31326
1509,0.693147,0.31326
1510,0.69316,0.31325
1511,0.69318,0.31321
1512,0.693167,0.31323
1513,0.693174,0.31321
1514,0.693147,0.31326
1515,0.693195,0.31309
1516,0.693148,0.31326
1517,0.69318,0.3132
1518,0.693173,0.31322
1519,0.693171,0.31322
1520,0.693155,0.31326
1521,0.693148,0.31326
1522,0.693149,0.31325
1523,0.693149,0.31326
1524,0.693391,0.3107
1525,0.693148,0.31326
1526,0.693148,0.31326
1527,0.693169,0.31326
1528,0.31326,0.693151
1529,0.693149,0.31326
1530,0.693147,0.31326
1531,0.693148,0.31326
1532,0.693155,0.31326
1533,0.693148,0.31326
1534,0.693147,0.31326
1535,0.693173,0.31322
1536,0.693149,0.31326
1537,0.693148,0.31326
1538,0.693147,0.31326
1539,0.693149,0.31326
1540,0.693147,0.31326
1541,0.693147,0.31326
1542,0.693147,0.31326
1543,0.693147,0.31326
1544,0.693147,0.31326
1545,0.693173,0.31322
1546,0.69316,0.31325
1547,0.693172,0.31322
1548,0.693175,0.31321
1549,0.693155,0.31326
1550,0.693153,0.31325
1551,0.693148,0.31326
1552,0.693177,0.3132
1553,0.693213,0.31316
1554,0.693166,0.31323
1555,0.693172,0.31323
1556,0.693147,0.31326
1557,0.693147,0.31326
1558,0.69315,0.31326
1559,0.69317,0.31322
1560,0.693147,0.31326
1561,0.693147,0.31326
1562,0.693147,0.31326
1563,0.693147,0.31326
1564,0.693147,0.31326
1565,0.693162,0.31325
1566,0.693148,0.31326
1567,0.693147,0.31326
1568,0.693147,0.31326
1569,0.693148,0.31326
1570,0.693148,0.31326
1571,0.693174,0.31321
1572,0.693148,0.31326
1573,0.693147,0.31326
1574,0.693176,0.31326
1575,0.693169,0.31323
1576,0.693147,0.31326
1577,0.693167,0.31323
1578,0.693148,0.31326
1579,0.693214,0.3126
1580,0.693169,0.31322
1581,0.693147,0.31326
1582,0.693178,0.3132
1583,0.693271,0.3129
1584,0.693147,0.31326
1585,0.693147,0.31326
1586,0.693147,0.31326
1587,0.693187,0.31318
1588,0.69316,0.31324
1589,0.69317,0.31323
1590,0.693149,0.31326
1591,0.693147,0.31326
1592,0.693176,0.31321
1593,0.693188,0.31318
1594,0.693214,0.3126
1595,0.693214,0.3126
1596,0.693148,0.31326
1597,0.693147,0.31326
1598,0.693173,0.31322
1599,0.693162,0.31326
1600,0.693172,0.31322
1601,0.693147,0.31326
1602,0.693147,0.31326
1603,0.693147,0.31326
1604,0.693195,0.31309
1605,0.693158,0.31326
1606,0.693168,0.31323
1607,0.693147,0.31326
1608,0.693147,0.31326
1609,0.693149,0.31325
1610,0.693147,0.31326
1611,0.693147,0.31326
1612,0.693149,0.31326
1613,0.693148,0.31326
1614,0.693147,0.31326
1615,0.693175,0.31321
1616,0.693389,0.31213
1617,0.693147,0.31326
1618,0.693176,0.31326
1619,0.693167,0.31323
1620,0.693147,0.31326
1621,0.693148,0.31326
1622,0.693177,0.3132
1623,0.3069,0.707305
1624,0.693177,0.31321
1625,0.693148,0.31326
1626,0.693147,0.31326
1627,0.693147,0.31326
1628,0.693177,0.31321
1629,0.693176,0.31326
1630,0.693147,0.31326
1631,0.693153,0.31326
1632,0.693161,0.31322
1633,0.693389,0.31213
1634,0.31149,0.699444
1635,0.693147,0.31326
1636,0.693172,0.31322
1637,0.693148,0.31326
1638,0.693172,0.31321
1639,0.693163,0.31325
1640,0.693147,0.31326
1641,0.693168,0.31323
1642,0.693152,0.31326
1643,0.693169,0.31322
1644,0.693148,0.31326
1645,0.693147,0.31326
1646,0.693148,0.31326
1647,0.693149,0.31326
1648,0.693147,0.31326
1649,0.693169,0.31326
1650,0.693147,0.31326
1651,0.693172,0.31321
1652,0.693147,0.31326
1653,0.693147,0.31326
1654,0.693147,0.31326
1655,0.693172,0.31322
1656,0.693172,0.31321
1657,0.693147,0.31326
1658,0.693153,0.31326
1659,0.693174,0.31321
1660,0.693182,0.31319
1661,0.693148,0.31326
1662,0.693153,0.31326
1663,0.693149,0.31326
1664,0.693147,0.31326
1665,0.693176,0.3132
1666,0.31216,0.698079
1667,0.693169,0.31323
1668,0.693173,0.31322
1669,0.693169,0.31326
1670,0.693167,0.31322
1671,0.693147,0.31326
1672,0.693147,0.31326
1673,0.693147,0.31326
1674,0.693147,0.31326
1675,0.693147,0.31326
1676,0.693151,0.31326
1677,0.693163,0.31325
1678,0.693166,0.31323
1679,0.693162,0.31326
1680,0.693147,0.31326
1681,0.693148,0.31326
1682,0.693148,0.31326
1683,0.693148,0.31326
1684,0.693178,0.31321
1685,0.693162,0.31324
1686,0.69317,0.31325
1687,0.693149,0.31326
1688,0.693153,0.31325
1689,0.693176,0.3132
1690,0.693147,0.31326
1691,0.693158,0.31326
1692,0.693148,0.31326
1693,0.693147,0.31326
1694,0.69315,0.31326
1695,0.693168,0.31323
1696,0.693149,0.31325
1697,0.693148,0.31326
1698,0.693162,0.31325
1699,0.693167,0.31322
1700,0.693391,0.3107
